{
  "resolution": "main",
  "tree": {
    "src": "https://raw.githubusercontent.com/DefinitelyTyped/DefinitelyTyped/24e12a7af994afa2226af70fbfae0adc78736a9e/angular-protractor/angular-protractor.d.ts",
    "raw": "github:DefinitelyTyped/DefinitelyTyped/angular-protractor/angular-protractor.d.ts#24e12a7af994afa2226af70fbfae0adc78736a9e",
    "typings": "https://raw.githubusercontent.com/DefinitelyTyped/DefinitelyTyped/24e12a7af994afa2226af70fbfae0adc78736a9e/angular-protractor/angular-protractor.d.ts"
  }
}
